decile,mean_target_return
0,-0.010476295256626826
1,-0.0020547699653590346
2,-0.0003336636907035286
3,0.0009811334068007677
4,0.0023354492435312766
5,0.002998690707796777
6,0.007569357175793615
7,0.010458588524522859
8,0.013064566346764079
9,0.01960299048897028
