decile,mean_target_return
0,0.00028899333324678474
1,0.0009794951455367835
2,0.0005767800152558998
3,0.0005802296644825323
4,0.0005978219605710202
5,0.0013808278616537066
6,0.0008011293221568402
7,0.0008500464589937436
8,0.0015750747554042772
9,0.0032379667213336717
