fwd_1w_min,fwd_1w_max,fwd_1w_mean,fwd_1w_median,fwd_4w_min,fwd_4w_max,fwd_4w_mean,fwd_4w_median,idx_fwd_4w_min,idx_fwd_4w_max,idx_fwd_4w_mean,idx_fwd_4w_median,idx_proxy_used
-0.7958115897850282,0.6491553620312696,0.005530902055224252,0.0019635122395260662,-0.7992600943692174,1.1442076901355422,0.02164006540626374,0.012734531443923225,-0.12887442909335767,0.11895018441076832,0.017823374605178043,0.021997239232398824,False
