{
  "CAGR": -0.9991717692752247,
  "annual_vol": 91.23050336533659,
  "sharpe": -0.010952167667802918,
  "max_drawdown": -1.4070391765647623,
  "calmar": -0.7101236311803827,
  "turnover": 0.010726831636943131,
  "win_rate_weekly": 0.24267782426778242,
  "exposure": 1.0
}